[
  {
    "id": 1,
    "User Name": "Rohit Kumar",
    "Star Rating": "5",
    "Title": "Perfect product!",
    "Review": "Cheapest RTX laptop with 16gigs of RAM right now. Worth buying!",
    "Upvote": "57",
    "Downvote": "12",
    "Response": null
  },
  {
    "id": 2,
    "User Name": "Gokul .N",
    "Star Rating": "5",
    "Title": "Best in the market!",
    "Review": "Very good 👍",
    "Upvote": "12",
    "Downvote": "3",
    "Response": null
  },
  {
    "id": 3,
    "User Name": "Rahul Kumar",
    "Star Rating": "5",
    "Title": "Perfect product!",
    "Review": "It's was a great machine they have 144hz display8.5/10 thank you",
    "Upvote": "21",
    "Downvote": "16",
    "Response": null
  },
  {
    "id": 4,
    "User Name": "Mina Devi",
    "Star Rating": "5",
    "Title": "Perfect product!",
    "Review": "Good product, don't be carried away by some bad reviews, this is a gaming laptop so don't expect a very good battery and even if it had one the battery consumption would be high due to graphic card. The graphic card performance is decent (Value for money tho) you get around 50-60 fps in warzone (ultra settings + dlss (ultra) ) and around 55-65 in PUBG basically it can run all tripe A title games in playable fps but don't try ray tracing tho. Make sure you install the game ready driver from ge...",
    "Upvote": "3",
    "Downvote": "1",
    "Response": null
  },
  {
    "id": 5,
    "User Name": "Mayank Bhargava",
    "Star Rating": "5",
    "Title": "Highly recommended",
    "Review": "I recently got my hands on the Acer Aspire 7 Core i5 12th Gen A715-76G Gaming Laptop and I must say, it's been quite the experience. The laptop's powerful Core i5 12th Gen processor paired with 8 GB RAM ensures smooth multitasking, even with demanding applications.The inclusion of a 512 GB SSD significantly enhances loading times and responsiveness, which is crucial for gamers and professionals alike. Windows 11 Home adds a sleek, user-friendly interface to the mix.The real star here, how...",
    "Upvote": "58",
    "Downvote": "3",
    "Response": null
  },
  {
    "id": 6,
    "User Name": "Ashmit Agnihotri",
    "Star Rating": "5",
    "Title": "Wonderful",
    "Review": "Awsm laptop loved it",
    "Upvote": "16",
    "Downvote": "3",
    "Response": null
  },
  {
    "id": 7,
    "User Name": "Arshdeep Singh",
    "Star Rating": "5",
    "Title": "Highly recommended",
    "Review": "Best laptop with i5 12 gen H-series processor and RTX 2050 is  a beast at this price point I am happy with my purchase.",
    "Upvote": "10",
    "Downvote": "2",
    "Response": null
  },
  {
    "id": 8,
    "User Name": "Rohan Chowdhury",
    "Star Rating": "5",
    "Title": "Worth every penny",
    "Review": "Nice product",
    "Upvote": "1",
    "Downvote": "0",
    "Response": null
  },
  {
    "id": 9,
    "User Name": "Arfath Asif",
    "Star Rating": "5",
    "Title": "Simply awesome",
    "Review": "Best laptop you must buy it.",
    "Upvote": "12",
    "Downvote": "1",
    "Response": null
  },
  {
    "id": 10,
    "User Name": "Ishan Raj",
    "Star Rating": "5",
    "Title": "Worth every penny",
    "Review": "Just buy it performance is excellent💯",
    "Upvote": "3",
    "Downvote": "0",
    "Response": null
  },
  {
    "id": 11,
    "User Name": "CHAUDHARI  DIVYESHKUMAR",
    "Star Rating": "3",
    "Title": "Good",
    "Review": "Laptop hang sometimes...and automatically restart....",
    "Upvote": "0",
    "Downvote": "4",
    "Response": null
  },
  {
    "id": 12,
    "User Name": "mujahid mujju",
    "Star Rating": "5",
    "Title": "Highly recommended",
    "Review": "Great 👍 I Got it for 45k Nice looks",
    "Upvote": "9",
    "Downvote": "2",
    "Response": null
  },
  {
    "id": 13,
    "User Name": "Akash deep Singhania",
    "Star Rating": "4",
    "Title": "Horrible",
    "Review": "Laptop didn't turn on",
    "Upvote": "4",
    "Downvote": "5",
    "Response": null
  },
  {
    "id": 14,
    "User Name": "Zaikhlong Muchahary",
    "Star Rating": "5",
    "Title": "Worth the money",
    "Review": "Excellent laptop",
    "Upvote": "6",
    "Downvote": "2",
    "Response": null
  },
  {
    "id": 15,
    "User Name": "Flipkart Customer",
    "Star Rating": "5",
    "Title": "Very poor",
    "Review": "Bleeding edge problem",
    "Upvote": "2",
    "Downvote": "3",
    "Response": null
  },
  {
    "id": 16,
    "User Name": "Nikhil  Singhal",
    "Star Rating": "4",
    "Title": "Terrific purchase",
    "Review": "Here is my review after using my laptop for almost 2 months. It is a nice and powerful laptop i have tried different software played different games. I feel no lag in all of this ,i purchased 16gb varient and is working very well without any problem. The speakers are decent it is good according to me I don't feel low volume in it. screen size and display quality is also good. Graphics card perform very well. keyboard size and backlit is good. cooling is also very good if you play games ...",
    "Upvote": "9",
    "Downvote": "0",
    "Response": null
  },
  {
    "id": 17,
    "User Name": "Mohammad Zaid Ansari",
    "Star Rating": "4",
    "Title": "Wonderful",
    "Review": "good product in this price range  . this is my first laptop .so this is a good purchase for me .ALLHAMDULILLAH.I hope  it will fulfill my requirements  in  btech ai and ml course.INSHALLAH",
    "Upvote": "8",
    "Downvote": "11",
    "Response": null
  },
  {
    "id": 18,
    "User Name": "Asif  Altaf",
    "Star Rating": "5",
    "Title": "Wonderful",
    "Review": "Awsome Laptop at 53999 Go for it ... Sound quality was A+ best .",
    "Upvote": "11",
    "Downvote": "1",
    "Response": null
  },
  {
    "id": 19,
    "User Name": "Manthan Naglaksh",
    "Star Rating": "4",
    "Title": "Could be way better",
    "Review": "Not good . Buy other gaming laptops . Don't buy this . Either add a little 2-4k to your budget or buy 1650 . Don't buy this . Even the seller is not good.  My piece was not perfect and nothing happened.",
    "Upvote": "2",
    "Downvote": "0",
    "Response": null
  },
  {
    "id": 20,
    "User Name": "Vijay Sahu",
    "Star Rating": "4",
    "Title": "Horrible",
    "Review": "Display problem",
    "Upvote": "1",
    "Downvote": "0",
    "Response": null
  },
  {
    "id": 21,
    "User Name": "Adarsh Adarsh",
    "Star Rating": "5",
    "Title": "Value-for-money",
    "Review": "Extrordinary performationce machine. i have been using it since 20 days no issue found yet. Absolutely fine and happy product and graphic is enough for my tasks.but only the thing is heat fans are so loud when you use power option mode as better performance mode.",
    "Upvote": "1",
    "Downvote": "0",
    "Response": null
  },
  {
    "id": 22,
    "User Name": "Subhajit Lodh",
    "Star Rating": "5",
    "Title": "Must buy!",
    "Review": "Product is good in terms of design and durability and also have a good specification. But the battery backup is not good. Display could have been better with 300 nits.",
    "Upvote": "1",
    "Downvote": "0",
    "Response": null
  },
  {
    "id": 23,
    "User Name": "Dr Rajmohan Singh Shrinet",
    "Star Rating": "5",
    "Title": "Excellent",
    "Review": "Very good laptop cyberpunk play flawless awesome graphics must buy without think awesome",
    "Upvote": "1",
    "Downvote": "0",
    "Response": null
  },
  {
    "id": 24,
    "User Name": "Flipkart Customer",
    "Star Rating": "5",
    "Title": "Highly recommended",
    "Review": "Gud",
    "Upvote": "1",
    "Downvote": "0",
    "Response": null
  },
  {
    "id": 25,
    "User Name": "Aarya Diamond",
    "Star Rating": "5",
    "Title": "Highly recommended",
    "Review": "Vamos Argentina 🙌 vamos acer go 🙌 I'm really happy to have acer family. I loved it laptop",
    "Upvote": "1",
    "Downvote": "3",
    "Response": null
  },
  {
    "id": 26,
    "User Name": "Sujith Kumar",
    "Star Rating": "4",
    "Title": "Useless product",
    "Review": "Fingerprint not working, sound quality, battery bad. Wrost Flipkart facility on delivering the f. K laptop",
    "Upvote": "0",
    "Downvote": "4",
    "Response": null
  },
  {
    "id": 27,
    "User Name": "Rushabh Parekh",
    "Star Rating": "3",
    "Title": "Pretty good",
    "Review": "Built quality is very good.Best laptop for designers and engineers who work with quality and accuracy.Graphic card unbelievable 👍🏻",
    "Upvote": "0",
    "Downvote": "2",
    "Response": null
  },
  {
    "id": 28,
    "User Name": "Nitupan kalita",
    "Star Rating": "4",
    "Title": "Value-for-money",
    "Review": "Unbelievable degein and performance.... Sound quality is average.... Battery backup very bad. If you use continuously it will give you backup upto 2 hour mostprobably...So if U need high battery backup then dot buy it...",
    "Upvote": "2",
    "Downvote": "5",
    "Response": null
  },
  {
    "id": 29,
    "User Name": "Aman Raj",
    "Star Rating": "4",
    "Title": "Good choice",
    "Review": "I use in last 1 month it a good products Desine -  5/5Battery -3/5Performance - 4/5Sound - 3/5It's have fingerprint senser",
    "Upvote": "1",
    "Downvote": "0",
    "Response": null
  },
  {
    "id": 30,
    "User Name": "Jaya Sewani",
    "Star Rating": "4",
    "Title": "Very Good",
    "Review": "Looks good",
    "Upvote": "5",
    "Downvote": "0",
    "Response": null
  },
  {
    "id": 31,
    "User Name": "Ritesh Negi",
    "Star Rating": "5",
    "Title": "Very Good",
    "Review": "I almost uses on 9 days all good in laptop but one thing is very bad on this laptop sound quality is very low please improve this.",
    "Upvote": "0",
    "Downvote": "1",
    "Response": null
  },
  {
    "id": 32,
    "User Name": "Arjun K P",
    "Star Rating": "4",
    "Title": "Expected a better product",
    "Review": "Below average... Very bad speakers. Sound quality very poor.",
    "Upvote": "0",
    "Downvote": "2",
    "Response": null
  },
  {
    "id": 33,
    "User Name": "AKASH KUMAR A KUMAR",
    "Star Rating": "5",
    "Title": "Value-for-money",
    "Review": "Good",
    "Upvote": "2",
    "Downvote": "0",
    "Response": null
  },
  {
    "id": 34,
    "User Name": "Piyush Jena",
    "Star Rating": "4",
    "Title": "Fabulous!",
    "Review": "Review after one month-Recommended... Working well... No problem.. Go for it without any hesitation.. Value of money.Best pc in this range 🔥",
    "Upvote": "0",
    "Downvote": "1",
    "Response": null
  },
  {
    "id": 35,
    "User Name": "Flipkart Customer",
    "Star Rating": "5",
    "Title": "Super!",
    "Review": "Awesome product for performance",
    "Upvote": "0",
    "Downvote": "1",
    "Response": null
  }
]